,Close
2022-01-24 08:41:00,35167.66
2022-01-24 08:42:00,35134.67
2022-01-24 08:43:00,35150.6
2022-01-24 08:44:00,35154.98
2022-01-24 08:45:00,34889.7
2022-01-24 08:46:00,35025.95
2022-01-24 08:47:00,35419.49
2022-01-24 08:48:00,35296.92
2022-01-24 08:49:00,35159.15
2022-01-24 08:50:00,35121.55
2022-01-24 08:51:00,35135.26
2022-01-24 08:52:00,35108.17
2022-01-24 08:53:00,35102.66
2022-01-24 08:54:00,35016.04
2022-01-24 08:55:00,35022.15
2022-01-24 08:56:00,34985.7
2022-01-24 08:57:00,34980.42
2022-01-24 08:58:00,34981.41
2022-01-24 08:59:00,34989.07
2022-01-24 09:00:00,35017.05
2022-01-24 09:01:00,35022.8
2022-01-24 09:02:00,35078.07
2022-01-24 09:03:00,35035.48
2022-01-24 09:04:00,35041.45
2022-01-24 09:05:00,35029.29
2022-01-24 09:06:00,35064.82
2022-01-24 09:07:00,35003.27
2022-01-24 09:08:00,35011.7
2022-01-24 09:09:00,34941.99
2022-01-24 09:10:00,35020.03
2022-01-24 09:11:00,35006.98
2022-01-24 09:12:00,34953.83
2022-01-24 09:13:00,34933.64
2022-01-24 09:14:00,34914.78
2022-01-24 09:15:00,34909.91
2022-01-24 09:16:00,34814.89
2022-01-24 09:17:00,34802.22
2022-01-24 09:18:00,34818.99
2022-01-24 09:19:00,34807.57
2022-01-24 09:20:00,34625.58
2022-01-24 09:21:00,34541.06
2022-01-24 09:22:00,34551.31
2022-01-24 09:23:00,34543.83
2022-01-24 09:24:00,34579.65
2022-01-24 09:25:00,34534.66
2022-01-24 09:26:00,34564.16
2022-01-24 09:27:00,34577.08
2022-01-24 09:28:00,34746.96
2022-01-24 09:29:00,34763.88
2022-01-24 09:30:00,34839.69
2022-01-24 09:31:00,34777.66
2022-01-24 09:32:00,34757.91
2022-01-24 09:33:00,34729.33
2022-01-24 09:34:00,34682.89
2022-01-24 09:35:00,34726.63
2022-01-24 09:36:00,34696.48
2022-01-24 09:37:00,34690.34
2022-01-24 09:38:00,34675.98
2022-01-24 09:39:00,34608.81
2022-01-24 09:40:00,34594.65
2022-01-24 09:41:00,34568.73
2022-01-24 09:42:00,34537.77
2022-01-24 09:43:00,34511.07
2022-01-24 09:44:00,34542.34
2022-01-24 09:45:00,34671.48
2022-01-24 09:46:00,34526.83
2022-01-24 09:47:00,34490.17
2022-01-24 09:48:00,34531.38
2022-01-24 09:49:00,34553.99
2022-01-24 09:50:00,34612.07
2022-01-24 09:51:00,34611.62
2022-01-24 09:52:00,34603.31
2022-01-24 09:53:00,34610.77
2022-01-24 09:54:00,34613.0
2022-01-24 09:55:00,34596.46
2022-01-24 09:56:00,34592.1
2022-01-24 09:57:00,34618.31
2022-01-24 09:58:00,34519.75
2022-01-24 09:59:00,34515.15
2022-01-24 10:00:00,34573.95
2022-01-24 10:01:00,34551.41
2022-01-24 10:02:00,34505.64
2022-01-24 10:03:00,34487.32
2022-01-24 10:04:00,34529.58
2022-01-24 10:05:00,34479.06
2022-01-24 10:06:00,34239.15
2022-01-24 10:07:00,34138.51
2022-01-24 10:08:00,34003.56
2022-01-24 10:09:00,34061.25
2022-01-24 10:10:00,34090.9
2022-01-24 10:11:00,34034.46
2022-01-24 10:12:00,33837.27
2022-01-24 10:13:00,33675.85
2022-01-24 10:14:00,33842.97
2022-01-24 10:15:00,33906.95
2022-01-24 10:16:00,33737.36
2022-01-24 10:17:00,33718.01
2022-01-24 10:18:00,33648.21
2022-01-24 10:19:00,33635.2
2022-01-24 10:20:00,33750.24
2022-01-24 10:21:00,33734.68
2022-01-24 10:22:00,33601.07
2022-01-24 10:23:00,33719.24
2022-01-24 10:24:00,33555.32
2022-01-24 10:25:00,33628.13
2022-01-24 10:26:00,33629.74
2022-01-24 10:27:00,33604.55
2022-01-24 10:28:00,33544.9
2022-01-24 10:29:00,33553.69
2022-01-24 10:30:00,33672.42
2022-01-24 10:31:00,33668.84
2022-01-24 10:32:00,33752.54
2022-01-24 10:33:00,33731.48
2022-01-24 10:34:00,33644.3
2022-01-24 10:35:00,33530.44
2022-01-24 10:36:00,33587.71
2022-01-24 10:37:00,33526.36
2022-01-24 10:38:00,33527.19
2022-01-24 10:39:00,33589.33
2022-01-24 10:40:00,33594.92
2022-01-24 10:41:00,33615.49
2022-01-24 10:42:00,33671.11
2022-01-24 10:43:00,33637.99
2022-01-24 10:44:00,33615.8
2022-01-24 10:45:00,33696.73
2022-01-24 10:46:00,33723.01
2022-01-24 10:47:00,33680.73
2022-01-24 10:48:00,33633.06
2022-01-24 10:49:00,33568.79
2022-01-24 10:50:00,33482.25
2022-01-24 10:51:00,33601.89
2022-01-24 10:52:00,33580.29
2022-01-24 10:53:00,33539.34
2022-01-24 10:54:00,33497.96
2022-01-24 10:55:00,33517.17
2022-01-24 10:56:00,33513.78
2022-01-24 10:57:00,33390.87
2022-01-24 10:58:00,33348.85
2022-01-24 10:59:00,33309.16
2022-01-24 11:00:00,33390.68
2022-01-24 11:01:00,33330.33
2022-01-24 11:02:00,33289.22
2022-01-24 11:03:00,33088.52
2022-01-24 11:04:00,33091.18
2022-01-24 11:05:00,33109.68
2022-01-24 11:06:00,33108.56
2022-01-24 11:07:00,33228.14
2022-01-24 11:08:00,33468.95
2022-01-24 11:09:00,33410.27
2022-01-24 11:10:00,33597.52
2022-01-24 11:11:00,33708.13
2022-01-24 11:12:00,33708.51
2022-01-24 11:13:00,33880.11
2022-01-24 11:14:00,33899.89
2022-01-24 11:15:00,33939.88
2022-01-24 11:16:00,34135.9
2022-01-24 11:17:00,33989.67
2022-01-24 11:18:00,33828.77
2022-01-24 11:19:00,33774.23
2022-01-24 11:20:00,33755.76
2022-01-24 11:21:00,33736.39
2022-01-24 11:22:00,33791.86
2022-01-24 11:23:00,33764.82
2022-01-24 11:24:00,33804.26
2022-01-24 11:25:00,33816.67
2022-01-24 11:26:00,33761.39
2022-01-24 11:27:00,33852.27
2022-01-24 11:28:00,33825.75
2022-01-24 11:29:00,33814.72
2022-01-24 11:30:00,33764.2
2022-01-24 11:31:00,33792.8
2022-01-24 11:32:00,33817.32
2022-01-24 11:33:00,33809.69
2022-01-24 11:34:00,33668.28
2022-01-24 11:35:00,33655.42
2022-01-24 11:36:00,33712.61
2022-01-24 11:37:00,33722.62
2022-01-24 11:38:00,33780.1
2022-01-24 11:39:00,33804.38
2022-01-24 11:40:00,33755.41
2022-01-24 11:41:00,33938.78
2022-01-24 11:42:00,33868.96
2022-01-24 11:43:00,33828.92
2022-01-24 11:44:00,33869.62
2022-01-24 11:45:00,33936.78
2022-01-24 11:46:00,33974.24
2022-01-24 11:47:00,33987.11
2022-01-24 11:48:00,33947.89
2022-01-24 11:49:00,33918.43
2022-01-24 11:50:00,33882.67
2022-01-24 11:51:00,33839.47
2022-01-24 11:52:00,33805.15
2022-01-24 11:53:00,33785.77
2022-01-24 11:54:00,33765.56
2022-01-24 11:55:00,33735.05
2022-01-24 11:56:00,33709.69
2022-01-24 11:57:00,33661.27
2022-01-24 11:58:00,33691.94
2022-01-24 11:59:00,33713.73
2022-01-24 12:00:00,33650.98
2022-01-24 12:01:00,33574.96
2022-01-24 12:02:00,33666.29
2022-01-24 12:03:00,33691.59
2022-01-24 12:04:00,33703.55
2022-01-24 12:05:00,33731.86
2022-01-24 12:06:00,33792.04
2022-01-24 12:07:00,33745.57
2022-01-24 12:08:00,33697.62
2022-01-24 12:09:00,33726.12
2022-01-24 12:10:00,33795.66
2022-01-24 12:11:00,33772.95
2022-01-24 12:12:00,33747.55
2022-01-24 12:13:00,33702.06
2022-01-24 12:14:00,33666.94
2022-01-24 12:15:00,33627.5
2022-01-24 12:16:00,33589.44
2022-01-24 12:17:00,33551.72
2022-01-24 12:18:00,33564.45
2022-01-24 12:19:00,33534.23
2022-01-24 12:20:00,33483.39
2022-01-24 12:21:00,33470.36
2022-01-24 12:22:00,33520.84
2022-01-24 12:23:00,33494.77
2022-01-24 12:24:00,33554.84
2022-01-24 12:25:00,33506.26
2022-01-24 12:26:00,33517.91
2022-01-24 12:27:00,33487.81
2022-01-24 12:28:00,33600.99
2022-01-24 12:29:00,33590.65
2022-01-24 12:30:00,33567.32
2022-01-24 12:31:00,33658.56
2022-01-24 12:32:00,33578.5
2022-01-24 12:33:00,33534.43
2022-01-24 12:34:00,33494.24
2022-01-24 12:35:00,33500.48
2022-01-24 12:36:00,33503.1
2022-01-24 12:37:00,33508.05
2022-01-24 12:38:00,33565.56
2022-01-24 12:39:00,33543.55
2022-01-24 12:40:00,33502.2
2022-01-24 12:41:00,33475.37
2022-01-24 12:42:00,33384.45
2022-01-24 12:43:00,33401.64
2022-01-24 12:44:00,33394.07
2022-01-24 12:45:00,33416.22
2022-01-24 12:46:00,33277.85
2022-01-24 12:47:00,33142.64
2022-01-24 12:48:00,33184.57
2022-01-24 12:49:00,33154.94
2022-01-24 12:50:00,33229.12
2022-01-24 12:51:00,33314.86
2022-01-24 12:52:00,33306.5
2022-01-24 12:53:00,33306.49
2022-01-24 12:54:00,33452.48
2022-01-24 12:55:00,33590.48
2022-01-24 12:56:00,33564.76
2022-01-24 12:57:00,33451.91
2022-01-24 12:58:00,33350.74
2022-01-24 12:59:00,33112.97
2022-01-24 13:00:00,33143.52
2022-01-24 13:01:00,33268.47
2022-01-24 13:02:00,33305.15
2022-01-24 13:03:00,33145.1
2022-01-24 13:04:00,33129.07
2022-01-24 13:05:00,33188.44
2022-01-24 13:06:00,33188.96
2022-01-24 13:07:00,33239.03
2022-01-24 13:08:00,33277.09
2022-01-24 13:09:00,33586.37
2022-01-24 13:10:00,33682.4
2022-01-24 13:11:00,33635.42
2022-01-24 13:12:00,33594.84
2022-01-24 13:13:00,33587.3
2022-01-24 13:14:00,33521.3
2022-01-24 13:15:00,33639.65
2022-01-24 13:16:00,33540.57
2022-01-24 13:17:00,33441.43
2022-01-24 13:18:00,33438.11
2022-01-24 13:19:00,33387.22
2022-01-24 13:20:00,33389.33
2022-01-24 13:21:00,33469.11
2022-01-24 13:22:00,33518.13
2022-01-24 13:23:00,33620.83
2022-01-24 13:24:00,33645.64
2022-01-24 13:25:00,33585.63
2022-01-24 13:26:00,33658.95
2022-01-24 13:27:00,33624.88
2022-01-24 13:28:00,33604.58
2022-01-24 13:29:00,33547.32
2022-01-24 13:30:00,33621.37
2022-01-24 13:31:00,33623.99
2022-01-24 13:32:00,33623.41
2022-01-24 13:33:00,33525.83
2022-01-24 13:34:00,33412.94
2022-01-24 13:35:00,33412.57
2022-01-24 13:36:00,33425.33
2022-01-24 13:37:00,33345.07
2022-01-24 13:38:00,33392.24
2022-01-24 13:39:00,33394.27
2022-01-24 13:40:00,33300.21
2022-01-24 13:41:00,33338.71
2022-01-24 13:42:00,33360.96
2022-01-24 13:43:00,33392.68
2022-01-24 13:44:00,33361.56
2022-01-24 13:45:00,33415.07
2022-01-24 13:46:00,33389.09
2022-01-24 13:47:00,33443.41
2022-01-24 13:48:00,33478.61
2022-01-24 13:49:00,33438.92
2022-01-24 13:50:00,33414.7
2022-01-24 13:51:00,33429.1
2022-01-24 13:52:00,33514.21
2022-01-24 13:53:00,33511.87
2022-01-24 13:54:00,33491.65
2022-01-24 13:55:00,33455.4
2022-01-24 13:56:00,33405.51
2022-01-24 13:57:00,33434.36
2022-01-24 13:58:00,33543.19
2022-01-24 13:59:00,33358.04
2022-01-24 14:00:00,33272.64
2022-01-24 14:01:00,33259.46
2022-01-24 14:02:00,33286.9
2022-01-24 14:03:00,33325.31
2022-01-24 14:04:00,33284.26
2022-01-24 14:05:00,33278.18
2022-01-24 14:06:00,33223.59
2022-01-24 14:07:00,33143.89
2022-01-24 14:08:00,33118.08
2022-01-24 14:09:00,33201.48
2022-01-24 14:10:00,33204.72
2022-01-24 14:11:00,33179.32
2022-01-24 14:12:00,33223.57
2022-01-24 14:13:00,33168.25
2022-01-24 14:14:00,33356.27
2022-01-24 14:15:00,33520.09
2022-01-24 14:16:00,33487.09
2022-01-24 14:17:00,33415.58
2022-01-24 14:18:00,33413.98
2022-01-24 14:19:00,33438.85
2022-01-24 14:20:00,33406.48
2022-01-24 14:21:00,33431.9
2022-01-24 14:22:00,33449.4
2022-01-24 14:23:00,33447.9
2022-01-24 14:24:00,33458.06
2022-01-24 14:25:00,33490.33
2022-01-24 14:26:00,33565.49
2022-01-24 14:27:00,33666.4
2022-01-24 14:28:00,33643.79
2022-01-24 14:29:00,33621.36
2022-01-24 14:30:00,33510.06
2022-01-24 14:31:00,33709.96
2022-01-24 14:32:00,33855.57
2022-01-24 14:33:00,33813.46
2022-01-24 14:34:00,33763.11
2022-01-24 14:35:00,33801.79
2022-01-24 14:36:00,33782.44
2022-01-24 14:37:00,33752.36
2022-01-24 14:38:00,33901.47
2022-01-24 14:39:00,34006.68
2022-01-24 14:40:00,34089.23
2022-01-24 14:41:00,33998.3
2022-01-24 14:42:00,33953.92
2022-01-24 14:43:00,33820.33
2022-01-24 14:44:00,33721.36
2022-01-24 14:45:00,33650.92
2022-01-24 14:46:00,33803.84
2022-01-24 14:47:00,33700.99
2022-01-24 14:48:00,33714.06
2022-01-24 14:49:00,33715.02
2022-01-24 14:50:00,33642.01
2022-01-24 14:51:00,33525.92
2022-01-24 14:52:00,33564.36
2022-01-24 14:53:00,33605.21
2022-01-24 14:54:00,33657.97
2022-01-24 14:55:00,33757.33
2022-01-24 14:56:00,33746.06
2022-01-24 14:57:00,33667.4
2022-01-24 14:58:00,33630.26
2022-01-24 14:59:00,33658.36
2022-01-24 15:00:00,33755.73
2022-01-24 15:01:00,33731.44
2022-01-24 15:02:00,33733.86
2022-01-24 15:03:00,33685.45
2022-01-24 15:04:00,33602.61
2022-01-24 15:05:00,33598.25
2022-01-24 15:06:00,33655.65
2022-01-24 15:07:00,33679.64
2022-01-24 15:08:00,33622.1
2022-01-24 15:09:00,33540.8
2022-01-24 15:10:00,33369.11
2022-01-24 15:11:00,33402.53
2022-01-24 15:12:00,33413.93
2022-01-24 15:13:00,33428.31
2022-01-24 15:14:00,33473.39
2022-01-24 15:15:00,33392.97
2022-01-24 15:16:00,33413.44
2022-01-24 15:17:00,33420.36
2022-01-24 15:18:00,33437.88
2022-01-24 15:19:00,33400.1
2022-01-24 15:20:00,33494.49
2022-01-24 15:21:00,33523.19
2022-01-24 15:22:00,33536.54
2022-01-24 15:23:00,33668.82
2022-01-24 15:24:00,33719.22
2022-01-24 15:25:00,33969.31
2022-01-24 15:26:00,33948.6
2022-01-24 15:27:00,33974.29
2022-01-24 15:28:00,34015.06
2022-01-24 15:29:00,33921.41
2022-01-24 15:30:00,33980.26
2022-01-24 15:31:00,34002.33
2022-01-24 15:32:00,34068.5
2022-01-24 15:33:00,34188.43
2022-01-24 15:34:00,34215.54
2022-01-24 15:35:00,34119.73
2022-01-24 15:36:00,34225.94
2022-01-24 15:37:00,34314.44
2022-01-24 15:38:00,34244.79
2022-01-24 15:39:00,34205.6
2022-01-24 15:40:00,34127.6
2022-01-24 15:41:00,34174.98
2022-01-24 15:42:00,34229.03
2022-01-24 15:43:00,34213.84
2022-01-24 15:44:00,34299.62
2022-01-24 15:45:00,34195.45
2022-01-24 15:46:00,34174.68
2022-01-24 15:47:00,34133.23
2022-01-24 15:48:00,34052.83
2022-01-24 15:49:00,34085.43
2022-01-24 15:50:00,34107.59
2022-01-24 15:51:00,34056.3
2022-01-24 15:52:00,34139.24
2022-01-24 15:53:00,34215.0
2022-01-24 15:54:00,34352.58
2022-01-24 15:55:00,34307.8
2022-01-24 15:56:00,34271.02
2022-01-24 15:57:00,34347.08
2022-01-24 15:58:00,34250.79
2022-01-24 15:59:00,34240.76
2022-01-24 16:00:00,34168.44
2022-01-24 16:01:00,34106.95
2022-01-24 16:02:00,34132.73
2022-01-24 16:03:00,34105.86
2022-01-24 16:04:00,34099.2
2022-01-24 16:05:00,34061.54
2022-01-24 16:06:00,34107.3
2022-01-24 16:07:00,34043.01
2022-01-24 16:08:00,34111.03
2022-01-24 16:09:00,34110.11
2022-01-24 16:10:00,34048.21
2022-01-24 16:11:00,34142.7
2022-01-24 16:12:00,34189.5
2022-01-24 16:13:00,34214.54
2022-01-24 16:14:00,34200.89
2022-01-24 16:15:00,34237.57
2022-01-24 16:16:00,34364.24
2022-01-24 16:17:00,34429.5
2022-01-24 16:18:00,34382.04
2022-01-24 16:19:00,34267.24
2022-01-24 16:20:00,34352.68
2022-01-24 16:21:00,34342.71
2022-01-24 16:22:00,34442.37
2022-01-24 16:23:00,34321.77
2022-01-24 16:24:00,34431.52
2022-01-24 16:25:00,34375.16
2022-01-24 16:26:00,34400.68
2022-01-24 16:27:00,34428.08
2022-01-24 16:28:00,34454.58
2022-01-24 16:29:00,34485.4
2022-01-24 16:30:00,34495.98
2022-01-24 16:31:00,34357.89
2022-01-24 16:32:00,34379.61
2022-01-24 16:33:00,34322.65
2022-01-24 16:34:00,34304.35
2022-01-24 16:35:00,34353.42
2022-01-24 16:36:00,34334.67
2022-01-24 16:37:00,34236.54
2022-01-24 16:38:00,34243.95
2022-01-24 16:39:00,34272.27
2022-01-24 16:40:00,34219.77
2022-01-24 16:41:00,34224.32
2022-01-24 16:42:00,34172.41
2022-01-24 16:43:00,34140.42
2022-01-24 16:44:00,34137.76
2022-01-24 16:45:00,34172.93
2022-01-24 16:46:00,34050.35
2022-01-24 16:47:00,34015.43
2022-01-24 16:48:00,33877.22
2022-01-24 16:49:00,33862.51
2022-01-24 16:50:00,33953.55
2022-01-24 16:51:00,33973.34
2022-01-24 16:52:00,34029.96
2022-01-24 16:53:00,34101.52
2022-01-24 16:54:00,34193.62
2022-01-24 16:55:00,34368.34
2022-01-24 16:56:00,34447.73
2022-01-24 16:57:00,34377.64
2022-01-24 16:58:00,34350.59
2022-01-24 16:59:00,34458.23
2022-01-24 17:00:00,34475.7
2022-01-24 17:01:00,34413.3
2022-01-24 17:02:00,34386.55
2022-01-24 17:03:00,34399.71
2022-01-24 17:04:00,34437.36
2022-01-24 17:05:00,34371.5
2022-01-24 17:06:00,34395.06
2022-01-24 17:07:00,34373.55
2022-01-24 17:08:00,34377.98
2022-01-24 17:09:00,34370.69
2022-01-24 17:10:00,34361.57
2022-01-24 17:11:00,34356.77
2022-01-24 17:12:00,34309.46
2022-01-24 17:13:00,34243.52
2022-01-24 17:14:00,34308.86
2022-01-24 17:15:00,34281.83
2022-01-24 17:16:00,34289.92
2022-01-24 17:17:00,34204.37
2022-01-24 17:18:00,34272.83
2022-01-24 17:19:00,34312.19
2022-01-24 17:20:00,34393.95
2022-01-24 17:21:00,34553.42
2022-01-24 17:22:00,34663.66
2022-01-24 17:23:00,34637.12
2022-01-24 17:24:00,34627.61
2022-01-24 17:25:00,34596.02
2022-01-24 17:26:00,34601.65
2022-01-24 17:27:00,34683.39
2022-01-24 17:28:00,34788.6
2022-01-24 17:29:00,34681.5
2022-01-24 17:30:00,34739.79
2022-01-24 17:31:00,34713.49
2022-01-24 17:32:00,34767.8
2022-01-24 17:33:00,34870.59
2022-01-24 17:34:00,34945.23
2022-01-24 17:35:00,34834.62
2022-01-24 17:36:00,34859.42
2022-01-24 17:37:00,34830.48
2022-01-24 17:38:00,34892.08
2022-01-24 17:39:00,35004.66
2022-01-24 17:40:00,35047.37
2022-01-24 17:41:00,35155.99
2022-01-24 17:42:00,35321.65
2022-01-24 17:43:00,35342.55
2022-01-24 17:44:00,35325.41
2022-01-24 17:45:00,35317.2
2022-01-24 17:46:00,35381.37
2022-01-24 17:47:00,35434.08
2022-01-24 17:48:00,35524.24
2022-01-24 17:49:00,35436.03
2022-01-24 17:50:00,35355.54
2022-01-24 17:51:00,35461.18
2022-01-24 17:52:00,35506.24
2022-01-24 17:53:00,35459.64
2022-01-24 17:54:00,35544.69
2022-01-24 17:55:00,35503.17
2022-01-24 17:56:00,35543.84
2022-01-24 17:57:00,35466.89
2022-01-24 17:58:00,35406.1
2022-01-24 17:59:00,35403.27
2022-01-24 18:00:00,35461.65
2022-01-24 18:01:00,35318.65
2022-01-24 18:02:00,35284.54
2022-01-24 18:03:00,35265.83
2022-01-24 18:04:00,35313.66
2022-01-24 18:05:00,35295.59
2022-01-24 18:06:00,35394.48
2022-01-24 18:07:00,35451.86
2022-01-24 18:08:00,35752.5
2022-01-24 18:09:00,35685.33
2022-01-24 18:10:00,35768.05
2022-01-24 18:11:00,35740.35
2022-01-24 18:12:00,35857.2
2022-01-24 18:13:00,35925.04
2022-01-24 18:14:00,35923.5
2022-01-24 18:15:00,35835.71
2022-01-24 18:16:00,36098.77
2022-01-24 18:17:00,36125.79
2022-01-24 18:18:00,36126.49
2022-01-24 18:19:00,36192.57
2022-01-24 18:20:00,36083.98
2022-01-24 18:21:00,36017.1
2022-01-24 18:22:00,35974.44
2022-01-24 18:23:00,35902.78
2022-01-24 18:24:00,35847.08
2022-01-24 18:25:00,35854.95
2022-01-24 18:26:00,35797.54
2022-01-24 18:27:00,35768.19
2022-01-24 18:28:00,35866.9
2022-01-24 18:29:00,35820.18
2022-01-24 18:30:00,35915.01
2022-01-24 18:31:00,35932.32
2022-01-24 18:32:00,35930.54
2022-01-24 18:33:00,35977.16
2022-01-24 18:34:00,36019.94
2022-01-24 18:35:00,35901.01
2022-01-24 18:36:00,35907.83
2022-01-24 18:37:00,35880.87
2022-01-24 18:38:00,35917.58
2022-01-24 18:39:00,35963.75
2022-01-24 18:40:00,35932.21
2022-01-24 18:41:00,36001.09
2022-01-24 18:42:00,36005.15
2022-01-24 18:43:00,36013.24
2022-01-24 18:44:00,35964.5
2022-01-24 18:45:00,36045.77
2022-01-24 18:46:00,36186.62
2022-01-24 18:47:00,36187.11
2022-01-24 18:48:00,36262.61
2022-01-24 18:49:00,36331.51
2022-01-24 18:50:00,36433.55
2022-01-24 18:51:00,36311.44
2022-01-24 18:52:00,36323.38
2022-01-24 18:53:00,36286.8
2022-01-24 18:54:00,36291.73
2022-01-24 18:55:00,36214.13
2022-01-24 18:56:00,36167.64
2022-01-24 18:57:00,36205.36
2022-01-24 18:58:00,36175.32
2022-01-24 18:59:00,36209.98
2022-01-24 19:00:00,36182.0
2022-01-24 19:01:00,36210.57
2022-01-24 19:02:00,36302.2
2022-01-24 19:03:00,36244.26
2022-01-24 19:04:00,36130.88
2022-01-24 19:05:00,36121.58
2022-01-24 19:06:00,36139.35
2022-01-24 19:07:00,36158.62
2022-01-24 19:08:00,36146.36
2022-01-24 19:09:00,36137.34
2022-01-24 19:10:00,36123.04
2022-01-24 19:11:00,36118.04
2022-01-24 19:12:00,36022.35
2022-01-24 19:13:00,35971.93
2022-01-24 19:14:00,35969.76
2022-01-24 19:15:00,35930.62
2022-01-24 19:16:00,35911.22
2022-01-24 19:17:00,35879.3
2022-01-24 19:18:00,35825.55
2022-01-24 19:19:00,35905.51
2022-01-24 19:20:00,36014.3
2022-01-24 19:21:00,35936.33
2022-01-24 19:22:00,35920.85
2022-01-24 19:23:00,35838.3
2022-01-24 19:24:00,35828.78
2022-01-24 19:25:00,35787.36
2022-01-24 19:26:00,35849.6
2022-01-24 19:27:00,35881.21
2022-01-24 19:28:00,35877.46
2022-01-24 19:29:00,35870.55
2022-01-24 19:30:00,36020.82
2022-01-24 19:31:00,35972.59
2022-01-24 19:32:00,35939.72
2022-01-24 19:33:00,35912.77
2022-01-24 19:34:00,35863.53
2022-01-24 19:35:00,35791.99
2022-01-24 19:36:00,35819.01
2022-01-24 19:37:00,35739.91
2022-01-24 19:38:00,35693.64
2022-01-24 19:39:00,35761.97
2022-01-24 19:40:00,35794.81
2022-01-24 19:41:00,35858.88
2022-01-24 19:42:00,35828.46
2022-01-24 19:43:00,35849.59
2022-01-24 19:44:00,35802.03
2022-01-24 19:45:00,35792.26
2022-01-24 19:46:00,35743.38
2022-01-24 19:47:00,35780.95
2022-01-24 19:48:00,35789.84
2022-01-24 19:49:00,35975.39
2022-01-24 19:50:00,35961.69
2022-01-24 19:51:00,35959.83
2022-01-24 19:52:00,35961.44
2022-01-24 19:53:00,35973.5
2022-01-24 19:54:00,35964.04
2022-01-24 19:55:00,35980.7
2022-01-24 19:56:00,35973.37
2022-01-24 19:57:00,35964.31
2022-01-24 19:58:00,36016.19
2022-01-24 19:59:00,36108.11
2022-01-24 20:00:00,36170.69
2022-01-24 20:01:00,36118.26
2022-01-24 20:02:00,36186.15
2022-01-24 20:03:00,36123.58
2022-01-24 20:04:00,36048.56
2022-01-24 20:05:00,35993.88
2022-01-24 20:06:00,36011.56
2022-01-24 20:07:00,36029.81
2022-01-24 20:08:00,36096.12
2022-01-24 20:09:00,36140.23
2022-01-24 20:10:00,36226.64
2022-01-24 20:11:00,36251.16
2022-01-24 20:12:00,36233.75
2022-01-24 20:13:00,36213.78
2022-01-24 20:14:00,36249.67
2022-01-24 20:15:00,36329.95
2022-01-24 20:16:00,36288.0
2022-01-24 20:17:00,36186.34
2022-01-24 20:18:00,36181.02
2022-01-24 20:19:00,36101.17
2022-01-24 20:20:00,36177.31
2022-01-24 20:21:00,36211.21
2022-01-24 20:22:00,36201.58
2022-01-24 20:23:00,36223.69
2022-01-24 20:24:00,36151.03
2022-01-24 20:25:00,36112.95
2022-01-24 20:26:00,36167.29
2022-01-24 20:27:00,36079.25
2022-01-24 20:28:00,36133.95
2022-01-24 20:29:00,36112.46
2022-01-24 20:30:00,36196.76
2022-01-24 20:31:00,36208.17
2022-01-24 20:32:00,36236.94
2022-01-24 20:33:00,36319.63
2022-01-24 20:34:00,36303.2
2022-01-24 20:35:00,36540.53
2022-01-24 20:36:00,36459.01
2022-01-24 20:37:00,36507.32
2022-01-24 20:38:00,36514.38
2022-01-24 20:39:00,36494.02
2022-01-24 20:40:00,36494.61
2022-01-24 20:41:00,36430.98
2022-01-24 20:42:00,36419.11
2022-01-24 20:43:00,36367.88
2022-01-24 20:44:00,36407.83
2022-01-24 20:45:00,36501.17
2022-01-24 20:46:00,36559.92
2022-01-24 20:47:00,36580.54
2022-01-24 20:48:00,36503.51
2022-01-24 20:49:00,36514.61
2022-01-24 20:50:00,36851.49
2022-01-24 20:51:00,36788.46
2022-01-24 20:52:00,36950.76
2022-01-24 20:53:00,37090.47
2022-01-24 20:54:00,37230.92
2022-01-24 20:55:00,37282.91
2022-01-24 20:56:00,37287.34
2022-01-24 20:57:00,37447.37
2022-01-24 20:58:00,37382.23
2022-01-24 20:59:00,37244.57
2022-01-24 21:00:00,37166.65
2022-01-24 21:01:00,37049.2
2022-01-24 21:02:00,36988.55
2022-01-24 21:03:00,36961.24
2022-01-24 21:04:00,36876.54
2022-01-24 21:05:00,36863.55
2022-01-24 21:06:00,36909.21
2022-01-24 21:07:00,36942.84
2022-01-24 21:08:00,36969.62
2022-01-24 21:09:00,36978.12
2022-01-24 21:10:00,37000.12
2022-01-24 21:11:00,37020.8
2022-01-24 21:12:00,37082.85
2022-01-24 21:13:00,37031.56
2022-01-24 21:14:00,36948.1
2022-01-24 21:15:00,36864.55
2022-01-24 21:16:00,36938.3
2022-01-24 21:17:00,37028.32
2022-01-24 21:18:00,36995.2
2022-01-24 21:19:00,37050.68
2022-01-24 21:20:00,37040.99
2022-01-24 21:21:00,36945.47
2022-01-24 21:22:00,36946.7
2022-01-24 21:23:00,36868.59
2022-01-24 21:24:00,36908.65
2022-01-24 21:25:00,36938.42
2022-01-24 21:26:00,36953.43
2022-01-24 21:27:00,36895.76
2022-01-24 21:28:00,36864.96
2022-01-24 21:29:00,36915.71
2022-01-24 21:30:00,36924.15
2022-01-24 21:31:00,36896.12
2022-01-24 21:32:00,36960.34
2022-01-24 21:33:00,36958.35
2022-01-24 21:34:00,37039.99
2022-01-24 21:35:00,37011.39
2022-01-24 21:36:00,37061.25
2022-01-24 21:37:00,37065.86
2022-01-24 21:38:00,37006.71
2022-01-24 21:39:00,36966.34
2022-01-24 21:40:00,36928.27
2022-01-24 21:41:00,36883.52
2022-01-24 21:42:00,36934.11
2022-01-24 21:43:00,36886.85
2022-01-24 21:44:00,36897.95
2022-01-24 21:45:00,36904.53
2022-01-24 21:46:00,36877.77
2022-01-24 21:47:00,36844.66
2022-01-24 21:48:00,36814.23
2022-01-24 21:49:00,36769.74
2022-01-24 21:50:00,36783.54
2022-01-24 21:51:00,36804.74
2022-01-24 21:52:00,36862.73
2022-01-24 21:53:00,36857.17
2022-01-24 21:54:00,36826.64
2022-01-24 21:55:00,36854.36
2022-01-24 21:56:00,36840.74
2022-01-24 21:57:00,36854.43
2022-01-24 21:58:00,36842.16
2022-01-24 21:59:00,36838.36
2022-01-24 22:00:00,36779.5
2022-01-24 22:01:00,36741.25
2022-01-24 22:02:00,36745.36
2022-01-24 22:03:00,36790.93
2022-01-24 22:04:00,36782.84
2022-01-24 22:05:00,36768.2
2022-01-24 22:06:00,36697.94
2022-01-24 22:07:00,36696.39
2022-01-24 22:08:00,36697.87
2022-01-24 22:09:00,36709.22
2022-01-24 22:10:00,36686.7
2022-01-24 22:11:00,36707.99
2022-01-24 22:12:00,36742.84
2022-01-24 22:13:00,36784.52
2022-01-24 22:14:00,36804.23
2022-01-24 22:15:00,36798.68
2022-01-24 22:16:00,36803.23
2022-01-24 22:17:00,36799.49
2022-01-24 22:18:00,36784.06
2022-01-24 22:19:00,36769.59
2022-01-24 22:20:00,36738.2
2022-01-24 22:21:00,36680.07
2022-01-24 22:22:00,36693.85
2022-01-24 22:23:00,36665.62
2022-01-24 22:24:00,36665.7
2022-01-24 22:25:00,36679.13
2022-01-24 22:26:00,36626.44
2022-01-24 22:27:00,36587.48
2022-01-24 22:28:00,36573.76
2022-01-24 22:29:00,36581.63
2022-01-24 22:30:00,36491.7
2022-01-24 22:31:00,36418.34
2022-01-24 22:32:00,36358.88
2022-01-24 22:33:00,36386.49
2022-01-24 22:34:00,36365.5
2022-01-24 22:35:00,36362.12
2022-01-24 22:36:00,36463.27
2022-01-24 22:37:00,36500.93
2022-01-24 22:38:00,36440.64
2022-01-24 22:39:00,36387.38
2022-01-24 22:40:00,36430.03
2022-01-24 22:41:00,36453.05
2022-01-24 22:42:00,36435.06
2022-01-24 22:43:00,36441.86
2022-01-24 22:44:00,36499.99
2022-01-24 22:45:00,36471.95
2022-01-24 22:46:00,36482.83
2022-01-24 22:47:00,36453.65
2022-01-24 22:48:00,36394.27
2022-01-24 22:49:00,36396.14
2022-01-24 22:50:00,36435.05
2022-01-24 22:51:00,36422.54
2022-01-24 22:52:00,36417.9
2022-01-24 22:53:00,36400.13
2022-01-24 22:54:00,36420.42
2022-01-24 22:55:00,36403.76
2022-01-24 22:56:00,36400.98
2022-01-24 22:57:00,36387.08
2022-01-24 22:58:00,36382.27
2022-01-24 22:59:00,36417.7
2022-01-24 23:00:00,36421.11
2022-01-24 23:01:00,36491.62
2022-01-24 23:02:00,36470.68
2022-01-24 23:03:00,36450.95
2022-01-24 23:04:00,36412.5
2022-01-24 23:05:00,36422.47
2022-01-24 23:06:00,36446.64
2022-01-24 23:07:00,36444.65
2022-01-24 23:08:00,36495.47
2022-01-24 23:09:00,36516.47
2022-01-24 23:10:00,36517.68
2022-01-24 23:11:00,36528.61
2022-01-24 23:12:00,36532.65
2022-01-24 23:13:00,36543.79
2022-01-24 23:14:00,36562.99
2022-01-24 23:15:00,36587.01
2022-01-24 23:16:00,36642.56
2022-01-24 23:17:00,36625.04
2022-01-24 23:18:00,36659.21
2022-01-24 23:19:00,36713.89
2022-01-24 23:20:00,36654.39
2022-01-24 23:21:00,36624.98
2022-01-24 23:22:00,36592.65
2022-01-24 23:23:00,36576.06
2022-01-24 23:24:00,36577.07
2022-01-24 23:25:00,36576.37
2022-01-24 23:26:00,36545.86
2022-01-24 23:27:00,36553.79
2022-01-24 23:28:00,36565.85
2022-01-24 23:29:00,36566.11
2022-01-24 23:30:00,36558.69
2022-01-24 23:31:00,36496.52
2022-01-24 23:32:00,36576.42
2022-01-24 23:33:00,36648.52
2022-01-24 23:34:00,36625.4
2022-01-24 23:35:00,36672.99
2022-01-24 23:36:00,36639.86
2022-01-24 23:37:00,36685.8
2022-01-24 23:38:00,36696.57
2022-01-24 23:39:00,36678.95
2022-01-24 23:40:00,36671.3
2022-01-24 23:41:00,36729.08
2022-01-24 23:42:00,36701.15
2022-01-24 23:43:00,36744.22
2022-01-24 23:44:00,36713.65
2022-01-24 23:45:00,36756.59
2022-01-24 23:46:00,36749.07
2022-01-24 23:47:00,36744.94
2022-01-24 23:48:00,36748.96
2022-01-24 23:49:00,36715.42
2022-01-24 23:50:00,36678.36
2022-01-24 23:51:00,36688.47
2022-01-24 23:52:00,36663.61
2022-01-24 23:53:00,36689.96
2022-01-24 23:54:00,36727.4
2022-01-24 23:55:00,36667.96
2022-01-24 23:56:00,36679.97
2022-01-24 23:57:00,36681.21
2022-01-24 23:58:00,36685.13
2022-01-24 23:59:00,36702.79
2022-01-25 00:00:00,36660.62
2022-01-25 00:01:00,36583.8
2022-01-25 00:02:00,36582.12
2022-01-25 00:03:00,36595.46
2022-01-25 00:04:00,36660.25
2022-01-25 00:05:00,36640.81
2022-01-25 00:06:00,36603.59
2022-01-25 00:07:00,36505.51
2022-01-25 00:08:00,36490.37
2022-01-25 00:09:00,36450.56
2022-01-25 00:10:00,36526.27
2022-01-25 00:11:00,36541.14
2022-01-25 00:12:00,36514.42
2022-01-25 00:13:00,36455.95
2022-01-25 00:14:00,36515.47
2022-01-25 00:15:00,36545.06
2022-01-25 00:16:00,36526.21
2022-01-25 00:17:00,36641.86
2022-01-25 00:18:00,36636.04
2022-01-25 00:19:00,36637.88
2022-01-25 00:20:00,36622.95
2022-01-25 00:21:00,36610.4
2022-01-25 00:22:00,36516.28
2022-01-25 00:23:00,36488.15
2022-01-25 00:24:00,36451.69
2022-01-25 00:25:00,36482.66
2022-01-25 00:26:00,36451.67
2022-01-25 00:27:00,36426.53
2022-01-25 00:28:00,36404.97
2022-01-25 00:29:00,36296.96
2022-01-25 00:30:00,36327.48
2022-01-25 00:31:00,36327.29
2022-01-25 00:32:00,36350.11
2022-01-25 00:33:00,36365.56
2022-01-25 00:34:00,36322.82
2022-01-25 00:35:00,36324.24
2022-01-25 00:36:00,36333.51
2022-01-25 00:37:00,36309.55
2022-01-25 00:38:00,36367.11
2022-01-25 00:39:00,36331.59
2022-01-25 00:40:00,36369.48
2022-01-25 00:41:00,36381.06
2022-01-25 00:42:00,36326.75
2022-01-25 00:43:00,36316.2
2022-01-25 00:44:00,36355.81
2022-01-25 00:45:00,36298.41
2022-01-25 00:46:00,36215.01
2022-01-25 00:47:00,36220.56
2022-01-25 00:48:00,36256.68
2022-01-25 00:49:00,36253.72
2022-01-25 00:50:00,36248.0
2022-01-25 00:51:00,36200.55
2022-01-25 00:52:00,36140.66
2022-01-25 00:53:00,36138.81
2022-01-25 00:54:00,36115.78
2022-01-25 00:55:00,36113.84
2022-01-25 00:56:00,36101.66
2022-01-25 00:57:00,36086.04
2022-01-25 00:58:00,36056.02
2022-01-25 00:59:00,36058.29
2022-01-25 01:00:00,36134.0
2022-01-25 01:01:00,36086.37
2022-01-25 01:02:00,36124.67
2022-01-25 01:03:00,36155.93
2022-01-25 01:04:00,36102.29
2022-01-25 01:05:00,36160.45
2022-01-25 01:06:00,36165.59
2022-01-25 01:07:00,36162.91
2022-01-25 01:08:00,36159.67
2022-01-25 01:09:00,36139.88
2022-01-25 01:10:00,36138.08
2022-01-25 01:11:00,36091.97
2022-01-25 01:12:00,36073.98
2022-01-25 01:13:00,36050.18
2022-01-25 01:14:00,36017.43
2022-01-25 01:15:00,36028.09
2022-01-25 01:16:00,36009.05
2022-01-25 01:17:00,36058.75
2022-01-25 01:18:00,36083.44
2022-01-25 01:19:00,36081.44
2022-01-25 01:20:00,36148.62
2022-01-25 01:21:00,36156.07
2022-01-25 01:22:00,36144.18
2022-01-25 01:23:00,36120.86
2022-01-25 01:24:00,36107.76
2022-01-25 01:25:00,36165.01
2022-01-25 01:26:00,36167.38
2022-01-25 01:27:00,36150.99
2022-01-25 01:28:00,36166.36
2022-01-25 01:29:00,36151.62
2022-01-25 01:30:00,36172.18
2022-01-25 01:31:00,36130.41
2022-01-25 01:32:00,36101.6
2022-01-25 01:33:00,36152.92
2022-01-25 01:34:00,36115.24
2022-01-25 01:35:00,36145.66
2022-01-25 01:36:00,36140.54
2022-01-25 01:37:00,36156.88
2022-01-25 01:38:00,36161.17
2022-01-25 01:39:00,36084.29
2022-01-25 01:40:00,36083.26
2022-01-25 01:41:00,36059.19
2022-01-25 01:42:00,36057.03
2022-01-25 01:43:00,36061.87
2022-01-25 01:44:00,36046.69
2022-01-25 01:45:00,36044.16
2022-01-25 01:46:00,36073.84
2022-01-25 01:47:00,36092.82
2022-01-25 01:48:00,36132.53
2022-01-25 01:49:00,36133.22
2022-01-25 01:50:00,36156.25
2022-01-25 01:51:00,36161.11
2022-01-25 01:52:00,36138.43
2022-01-25 01:53:00,36148.44
2022-01-25 01:54:00,36144.41
2022-01-25 01:55:00,36104.48
2022-01-25 01:56:00,36116.75
2022-01-25 01:57:00,36118.07
2022-01-25 01:58:00,36121.74
2022-01-25 01:59:00,36146.64
2022-01-25 02:00:00,36146.63
2022-01-25 02:01:00,36167.31
2022-01-25 02:02:00,36145.78
2022-01-25 02:03:00,36129.88
2022-01-25 02:04:00,36156.43
2022-01-25 02:05:00,36146.3
2022-01-25 02:06:00,36192.7
2022-01-25 02:07:00,36248.73
2022-01-25 02:08:00,36231.82
2022-01-25 02:09:00,36204.9
2022-01-25 02:10:00,36230.18
2022-01-25 02:11:00,36237.94
2022-01-25 02:12:00,36253.27
2022-01-25 02:13:00,36234.56
2022-01-25 02:14:00,36220.64
2022-01-25 02:15:00,36232.45
2022-01-25 02:16:00,36195.72
2022-01-25 02:17:00,36181.24
2022-01-25 02:18:00,36169.81
2022-01-25 02:19:00,36175.3
2022-01-25 02:20:00,36179.46
2022-01-25 02:21:00,36178.96
2022-01-25 02:22:00,36142.69
2022-01-25 02:23:00,36126.81
2022-01-25 02:24:00,36136.97
2022-01-25 02:25:00,36176.75
2022-01-25 02:26:00,36186.22
2022-01-25 02:27:00,36204.96
2022-01-25 02:28:00,36212.91
2022-01-25 02:29:00,36198.43
2022-01-25 02:30:00,36213.81
2022-01-25 02:31:00,36232.32
2022-01-25 02:32:00,36237.27
2022-01-25 02:33:00,36235.12
2022-01-25 02:34:00,36202.58
2022-01-25 02:35:00,36210.54
2022-01-25 02:36:00,36185.05
2022-01-25 02:37:00,36191.01
2022-01-25 02:38:00,36183.64
2022-01-25 02:39:00,36183.43
2022-01-25 02:40:00,36207.61
2022-01-25 02:41:00,36220.99
2022-01-25 02:42:00,36204.63
2022-01-25 02:43:00,36219.99
2022-01-25 02:44:00,36200.1
2022-01-25 02:45:00,36275.76
2022-01-25 02:46:00,36273.14
2022-01-25 02:47:00,36279.55
2022-01-25 02:48:00,36276.93
2022-01-25 02:49:00,36284.89
2022-01-25 02:50:00,36287.81
2022-01-25 02:51:00,36304.53
2022-01-25 02:52:00,36329.14
2022-01-25 02:53:00,36325.54
2022-01-25 02:54:00,36354.56
2022-01-25 02:55:00,36325.62
2022-01-25 02:56:00,36330.36
2022-01-25 02:57:00,36340.22
2022-01-25 02:58:00,36350.88
2022-01-25 02:59:00,36341.54
2022-01-25 03:00:00,36309.11
2022-01-25 03:01:00,36289.69
2022-01-25 03:02:00,36285.23
2022-01-25 03:03:00,36279.9
2022-01-25 03:04:00,36275.95
2022-01-25 03:05:00,36265.73
2022-01-25 03:06:00,36248.98
2022-01-25 03:07:00,36264.97
2022-01-25 03:08:00,36261.69
2022-01-25 03:09:00,36252.75
2022-01-25 03:10:00,36215.71
2022-01-25 03:11:00,36214.53
2022-01-25 03:12:00,36221.08
2022-01-25 03:13:00,36231.34
2022-01-25 03:14:00,36226.72
2022-01-25 03:15:00,36221.03
2022-01-25 03:16:00,36244.26
2022-01-25 03:17:00,36250.91
2022-01-25 03:18:00,36236.86
2022-01-25 03:19:00,36263.34
2022-01-25 03:20:00,36245.91
2022-01-25 03:21:00,36233.76
2022-01-25 03:22:00,36229.84
2022-01-25 03:23:00,36264.31
2022-01-25 03:24:00,36249.62
2022-01-25 03:25:00,36244.63
2022-01-25 03:26:00,36254.38
2022-01-25 03:27:00,36267.0
2022-01-25 03:28:00,36275.38
2022-01-25 03:29:00,36273.14
2022-01-25 03:30:00,36382.95
2022-01-25 03:31:00,36405.54
2022-01-25 03:32:00,36405.13
2022-01-25 03:33:00,36378.65
2022-01-25 03:34:00,36360.87
2022-01-25 03:35:00,36388.68
2022-01-25 03:36:00,36386.72
2022-01-25 03:37:00,36358.69
2022-01-25 03:38:00,36352.72
2022-01-25 03:39:00,36387.82
2022-01-25 03:40:00,36370.68
2022-01-25 03:41:00,36369.01
2022-01-25 03:42:00,36349.07
2022-01-25 03:43:00,36389.35
2022-01-25 03:44:00,36361.3
2022-01-25 03:45:00,36355.07
2022-01-25 03:46:00,36318.75
2022-01-25 03:47:00,36307.69
2022-01-25 03:48:00,36339.85
2022-01-25 03:49:00,36323.54
2022-01-25 03:50:00,36360.62
2022-01-25 03:51:00,36415.69
2022-01-25 03:52:00,36412.06
2022-01-25 03:53:00,36414.07
2022-01-25 03:54:00,36414.5
2022-01-25 03:55:00,36434.87
2022-01-25 03:56:00,36417.59
2022-01-25 03:57:00,36426.48
2022-01-25 03:58:00,36466.15
2022-01-25 03:59:00,36450.98
2022-01-25 04:00:00,36454.68
2022-01-25 04:01:00,36471.26
2022-01-25 04:02:00,36464.65
2022-01-25 04:03:00,36449.3
2022-01-25 04:04:00,36420.03
2022-01-25 04:05:00,36407.09
2022-01-25 04:06:00,36381.87
2022-01-25 04:07:00,36399.32
2022-01-25 04:08:00,36437.7
2022-01-25 04:09:00,36452.09
2022-01-25 04:10:00,36405.67
2022-01-25 04:11:00,36413.39
2022-01-25 04:12:00,36410.07
2022-01-25 04:13:00,36397.97
2022-01-25 04:14:00,36405.9
2022-01-25 04:15:00,36402.2
2022-01-25 04:16:00,36411.83
2022-01-25 04:17:00,36380.77
2022-01-25 04:18:00,36366.3
2022-01-25 04:19:00,36362.09
2022-01-25 04:20:00,36366.92
2022-01-25 04:21:00,36414.21
2022-01-25 04:22:00,36386.54
2022-01-25 04:23:00,36398.0
2022-01-25 04:24:00,36384.57
2022-01-25 04:25:00,36407.2
2022-01-25 04:26:00,36409.64
2022-01-25 04:27:00,36421.39
2022-01-25 04:28:00,36421.82
2022-01-25 04:29:00,36425.46
2022-01-25 04:30:00,36420.08
2022-01-25 04:31:00,36393.14
2022-01-25 04:32:00,36391.68
2022-01-25 04:33:00,36371.05
2022-01-25 04:34:00,36338.22
2022-01-25 04:35:00,36319.06
2022-01-25 04:36:00,36238.16
2022-01-25 04:37:00,36199.33
2022-01-25 04:38:00,36203.53
2022-01-25 04:39:00,36200.78
2022-01-25 04:40:00,36203.99
2022-01-25 04:41:00,36206.44
2022-01-25 04:42:00,36228.23
2022-01-25 04:43:00,36194.32
2022-01-25 04:44:00,36215.1
2022-01-25 04:45:00,36181.43
2022-01-25 04:46:00,36106.6
2022-01-25 04:47:00,36090.66
2022-01-25 04:48:00,36090.84
2022-01-25 04:49:00,36093.86
2022-01-25 04:50:00,36069.01
2022-01-25 04:51:00,36027.19
2022-01-25 04:52:00,36029.52
2022-01-25 04:53:00,35960.33
2022-01-25 04:54:00,35970.08
2022-01-25 04:55:00,35989.07
2022-01-25 04:56:00,36000.15
2022-01-25 04:57:00,35976.49
2022-01-25 04:58:00,35937.8
2022-01-25 04:59:00,35975.14
2022-01-25 05:00:00,35973.89
2022-01-25 05:01:00,35940.3
2022-01-25 05:02:00,35992.14
2022-01-25 05:03:00,35992.8
2022-01-25 05:04:00,36014.33
2022-01-25 05:05:00,36043.87
2022-01-25 05:06:00,36089.0
2022-01-25 05:07:00,36091.35
2022-01-25 05:08:00,36107.97
2022-01-25 05:09:00,36093.44
2022-01-25 05:10:00,36108.28
2022-01-25 05:11:00,36095.91
2022-01-25 05:12:00,36099.57
2022-01-25 05:13:00,36097.15
2022-01-25 05:14:00,36106.63
2022-01-25 05:15:00,36076.09
2022-01-25 05:16:00,36087.34
2022-01-25 05:17:00,35906.9
2022-01-25 05:18:00,35981.07
2022-01-25 05:19:00,35984.15
2022-01-25 05:20:00,35942.36
2022-01-25 05:21:00,35953.08
2022-01-25 05:22:00,35973.65
2022-01-25 05:23:00,35935.87
2022-01-25 05:24:00,35923.3
2022-01-25 05:25:00,35886.88
2022-01-25 05:26:00,35888.04
2022-01-25 05:27:00,35902.2
2022-01-25 05:28:00,35899.18
2022-01-25 05:29:00,35883.46
2022-01-25 05:30:00,35931.91
2022-01-25 05:31:00,35953.1
2022-01-25 05:32:00,35901.99
2022-01-25 05:33:00,35925.83
2022-01-25 05:34:00,35914.56
2022-01-25 05:35:00,35941.51
2022-01-25 05:36:00,35926.13
2022-01-25 05:37:00,35931.53
2022-01-25 05:38:00,35944.49
2022-01-25 05:39:00,35950.47
2022-01-25 05:40:00,35999.63
2022-01-25 05:41:00,36010.36
2022-01-25 05:42:00,36026.3
2022-01-25 05:43:00,36032.51
2022-01-25 05:44:00,36026.51
2022-01-25 05:45:00,36027.13
2022-01-25 05:46:00,36056.55
2022-01-25 05:47:00,36001.44
2022-01-25 05:48:00,35986.27
2022-01-25 05:49:00,35991.17
2022-01-25 05:50:00,36020.03
2022-01-25 05:51:00,36004.23
2022-01-25 05:52:00,36016.26
2022-01-25 05:53:00,36028.83
2022-01-25 05:54:00,36039.03
2022-01-25 05:55:00,36054.25
2022-01-25 05:56:00,36046.11
2022-01-25 05:57:00,36077.7
2022-01-25 05:58:00,36090.94
2022-01-25 05:59:00,36080.02
2022-01-25 06:00:00,36115.98
2022-01-25 06:01:00,36079.72
2022-01-25 06:02:00,36089.49
2022-01-25 06:03:00,36054.74
2022-01-25 06:04:00,36054.14
2022-01-25 06:05:00,36070.8
2022-01-25 06:06:00,36073.46
2022-01-25 06:07:00,36113.36
2022-01-25 06:08:00,36111.62
2022-01-25 06:09:00,36096.29
2022-01-25 06:10:00,36062.97
2022-01-25 06:11:00,36051.13
2022-01-25 06:12:00,36087.77
2022-01-25 06:13:00,36047.29
2022-01-25 06:14:00,36028.44
2022-01-25 06:15:00,36054.92
2022-01-25 06:16:00,36037.25
2022-01-25 06:17:00,36012.12
2022-01-25 06:18:00,36014.31
2022-01-25 06:19:00,36042.36
2022-01-25 06:20:00,35995.01
2022-01-25 06:21:00,35991.36
2022-01-25 06:22:00,36020.65
2022-01-25 06:23:00,36013.04
2022-01-25 06:24:00,36011.66
2022-01-25 06:25:00,35995.93
2022-01-25 06:26:00,35988.1
2022-01-25 06:27:00,36006.99
2022-01-25 06:28:00,35990.67
2022-01-25 06:29:00,36006.41
2022-01-25 06:30:00,35995.94
2022-01-25 06:31:00,36018.03
2022-01-25 06:32:00,35996.62
2022-01-25 06:33:00,35994.53
2022-01-25 06:34:00,36115.23
2022-01-25 06:35:00,36103.56
2022-01-25 06:36:00,36041.1
2022-01-25 06:37:00,36021.49
2022-01-25 06:38:00,36053.73
2022-01-25 06:39:00,36043.8
2022-01-25 06:40:00,36014.66
2022-01-25 06:41:00,35993.37
2022-01-25 06:42:00,35965.87
2022-01-25 06:43:00,35971.54
2022-01-25 06:44:00,35944.51
2022-01-25 06:45:00,35937.22
2022-01-25 06:46:00,35973.47
2022-01-25 06:47:00,35944.65
2022-01-25 06:48:00,35954.05
2022-01-25 06:49:00,35961.22
2022-01-25 06:50:00,35957.6
2022-01-25 06:51:00,35950.37
2022-01-25 06:52:00,35931.93
2022-01-25 06:53:00,35956.79
2022-01-25 06:54:00,35929.83
2022-01-25 06:55:00,35949.65
2022-01-25 06:56:00,35932.58
2022-01-25 06:57:00,35905.53
2022-01-25 06:58:00,35911.54
2022-01-25 06:59:00,35869.48
2022-01-25 07:00:00,35924.24
2022-01-25 07:01:00,35900.15
2022-01-25 07:02:00,35900.84
2022-01-25 07:03:00,35904.58
2022-01-25 07:04:00,35859.89
2022-01-25 07:05:00,35882.69
2022-01-25 07:06:00,35835.6
2022-01-25 07:07:00,35827.06
2022-01-25 07:08:00,35811.95
2022-01-25 07:09:00,35775.81
2022-01-25 07:10:00,35767.51
2022-01-25 07:11:00,35750.07
2022-01-25 07:12:00,35747.98
2022-01-25 07:13:00,35763.94
2022-01-25 07:14:00,35749.14
2022-01-25 07:15:00,35784.5
2022-01-25 07:16:00,35766.26
2022-01-25 07:17:00,35748.34
2022-01-25 07:18:00,35738.45
2022-01-25 07:19:00,35757.95
2022-01-25 07:20:00,35806.32
2022-01-25 07:21:00,35783.59
2022-01-25 07:22:00,35814.23
2022-01-25 07:23:00,35816.93
2022-01-25 07:24:00,35837.94
2022-01-25 07:25:00,35840.05
2022-01-25 07:26:00,35825.41
2022-01-25 07:27:00,35874.63
2022-01-25 07:28:00,35878.85
2022-01-25 07:29:00,35888.51
2022-01-25 07:30:00,35949.07
2022-01-25 07:31:00,35960.81
2022-01-25 07:32:00,35988.49
2022-01-25 07:33:00,36012.77
2022-01-25 07:34:00,36039.15
2022-01-25 07:35:00,36018.8
2022-01-25 07:36:00,36037.66
2022-01-25 07:37:00,36001.25
2022-01-25 07:38:00,35995.21
2022-01-25 07:39:00,36016.89
2022-01-25 07:40:00,36061.36
2022-01-25 07:41:00,36045.38
2022-01-25 07:42:00,36038.94
2022-01-25 07:43:00,36029.33
2022-01-25 07:44:00,36062.3
2022-01-25 07:45:00,36022.87
2022-01-25 07:46:00,36015.37
2022-01-25 07:47:00,36007.9
2022-01-25 07:48:00,36007.28
2022-01-25 07:49:00,36014.88
2022-01-25 07:50:00,36002.79
2022-01-25 07:51:00,36020.1
2022-01-25 07:52:00,36022.25
2022-01-25 07:53:00,36082.8
2022-01-25 07:54:00,36072.37
2022-01-25 07:55:00,36070.72
2022-01-25 07:56:00,36079.06
2022-01-25 07:57:00,36076.9
2022-01-25 07:58:00,36047.38
2022-01-25 07:59:00,36072.91
2022-01-25 08:00:00,36048.64
2022-01-25 08:01:00,36099.9
2022-01-25 08:02:00,36255.05
2022-01-25 08:03:00,36244.86
2022-01-25 08:04:00,36226.31
2022-01-25 08:05:00,36164.36
2022-01-25 08:06:00,36152.65
2022-01-25 08:07:00,36120.34
2022-01-25 08:08:00,36201.84
2022-01-25 08:09:00,36146.65
2022-01-25 08:10:00,36158.69
2022-01-25 08:11:00,36147.06
2022-01-25 08:12:00,36176.97
2022-01-25 08:13:00,36243.9
2022-01-25 08:14:00,36298.79
2022-01-25 08:15:00,36379.16
2022-01-25 08:16:00,36403.23
2022-01-25 08:17:00,36400.28
2022-01-25 08:18:00,36445.4
2022-01-25 08:19:00,36510.74
2022-01-25 08:20:00,36457.63
2022-01-25 08:21:00,36421.32
2022-01-25 08:22:00,36390.41
2022-01-25 08:23:00,36360.19
2022-01-25 08:24:00,36351.64
2022-01-25 08:25:00,36311.41
2022-01-25 08:26:00,36290.8
2022-01-25 08:27:00,36264.62
2022-01-25 08:28:00,36208.15
2022-01-25 08:29:00,36196.57
2022-01-25 08:30:00,36108.06
2022-01-25 08:31:00,36073.4
2022-01-25 08:32:00,36091.85
2022-01-25 08:33:00,36109.64
2022-01-25 08:34:00,36122.65
2022-01-25 08:35:00,36117.8
2022-01-25 08:36:00,36137.66
2022-01-25 08:37:00,36132.7
2022-01-25 08:38:00,36136.28
2022-01-25 08:39:00,36148.19
2022-01-25 08:40:00,36165.03
2022-01-25 08:41:00,36192.61
2022-01-25 08:42:00,36254.44
2022-01-25 08:43:00,36232.67
2022-01-25 08:44:00,36249.84
2022-01-25 08:45:00,36215.87
2022-01-25 08:46:00,36199.69
2022-01-25 08:47:00,36249.58
2022-01-25 08:48:00,36258.01
2022-01-25 08:49:00,36285.32
2022-01-25 08:50:00,36305.65
2022-01-25 08:51:00,36309.4
2022-01-25 08:52:00,36302.61
2022-01-25 08:53:00,36293.99
2022-01-25 08:54:00,36208.32
2022-01-25 08:55:00,36182.68
2022-01-25 08:56:00,36210.13
2022-01-25 08:57:00,36213.38
2022-01-25 08:58:00,36131.11
2022-01-25 08:59:00,36092.79
2022-01-25 09:00:00,36075.12
2022-01-25 09:01:00,36105.85
2022-01-25 09:02:00,36103.11
2022-01-25 09:03:00,36101.65
2022-01-25 09:04:00,36154.1
2022-01-25 09:05:00,36159.71
2022-01-25 09:06:00,36196.62
2022-01-25 09:07:00,36208.4
2022-01-25 09:08:00,36233.43
2022-01-25 09:09:00,36235.18
2022-01-25 09:10:00,36190.5
2022-01-25 09:11:00,36165.67
2022-01-25 09:12:00,36220.08
2022-01-25 09:13:00,36241.91
2022-01-25 09:14:00,36220.81
2022-01-25 09:15:00,36264.13
2022-01-25 09:16:00,36273.72
2022-01-25 09:17:00,36248.39
2022-01-25 09:18:00,36226.66
2022-01-25 09:19:00,36222.56
2022-01-25 09:20:00,36253.75
2022-01-25 09:21:00,36313.2
2022-01-25 09:22:00,36325.19
2022-01-25 09:23:00,36310.99
2022-01-25 09:24:00,36349.9
2022-01-25 09:25:00,36343.92
2022-01-25 09:26:00,36419.78
2022-01-25 09:27:00,36396.91
2022-01-25 09:28:00,36410.31
2022-01-25 09:29:00,36418.77
2022-01-25 09:30:00,36410.01
2022-01-25 09:31:00,36409.71
2022-01-25 09:32:00,36398.28
2022-01-25 09:33:00,36388.92
2022-01-25 09:34:00,36408.79
2022-01-25 09:35:00,36403.59
2022-01-25 09:36:00,36434.16
2022-01-25 09:37:00,36416.55
2022-01-25 09:38:00,36399.52
2022-01-25 09:39:00,36427.29
2022-01-25 09:40:00,36372.78
2022-01-25 09:41:00,36386.93
2022-01-25 09:42:00,36341.18
2022-01-25 09:43:00,36339.67
2022-01-25 09:44:00,36335.24
2022-01-25 09:45:00,36383.19
2022-01-25 09:46:00,36343.07
2022-01-25 09:47:00,36362.77
2022-01-25 09:48:00,36380.82
2022-01-25 09:49:00,36363.99
2022-01-25 09:50:00,36372.4
2022-01-25 09:51:00,36378.54
2022-01-25 09:52:00,36389.23
2022-01-25 09:53:00,36443.67
2022-01-25 09:54:00,36499.46
2022-01-25 09:55:00,36466.69
2022-01-25 09:56:00,36500.12
2022-01-25 09:57:00,36488.39
2022-01-25 09:58:00,36491.03
2022-01-25 09:59:00,36433.71
2022-01-25 10:00:00,36456.3
2022-01-25 10:01:00,36418.56
2022-01-25 10:02:00,36404.31
2022-01-25 10:03:00,36399.68
2022-01-25 10:04:00,36394.84
2022-01-25 10:05:00,36385.27
2022-01-25 10:06:00,36383.3
2022-01-25 10:07:00,36409.06
2022-01-25 10:08:00,36495.33
2022-01-25 10:09:00,36519.21
2022-01-25 10:10:00,36516.28
2022-01-25 10:11:00,36631.66
2022-01-25 10:12:00,36628.59
2022-01-25 10:13:00,36594.27
2022-01-25 10:14:00,36589.5
2022-01-25 10:15:00,36753.74
2022-01-25 10:16:00,36684.14
2022-01-25 10:17:00,36643.64
2022-01-25 10:18:00,36627.12
2022-01-25 10:19:00,36604.24
2022-01-25 10:20:00,36593.44
2022-01-25 10:21:00,36588.31
2022-01-25 10:22:00,36542.18
2022-01-25 10:23:00,36541.18
2022-01-25 10:24:00,36518.59
2022-01-25 10:25:00,36513.39
2022-01-25 10:26:00,36512.4
2022-01-25 10:27:00,36546.87
2022-01-25 10:28:00,36517.89
2022-01-25 10:29:00,36516.15
2022-01-25 10:30:00,36483.49
2022-01-25 10:31:00,36482.38
2022-01-25 10:32:00,36489.25
2022-01-25 10:33:00,36480.8
2022-01-25 10:34:00,36463.54
2022-01-25 10:35:00,36401.1
2022-01-25 10:36:00,36388.7
2022-01-25 10:37:00,36400.89
2022-01-25 10:38:00,36379.67
2022-01-25 10:39:00,36403.97
2022-01-25 10:40:00,36416.48
2022-01-25 10:41:00,36403.67
2022-01-25 10:42:00,36374.82
2022-01-25 10:43:00,36377.64
2022-01-25 10:44:00,36346.14
2022-01-25 10:45:00,36395.62
2022-01-25 10:46:00,36368.8
2022-01-25 10:47:00,36403.0
2022-01-25 10:48:00,36393.87
2022-01-25 10:49:00,36369.95
2022-01-25 10:50:00,36371.99
2022-01-25 10:51:00,36410.01
2022-01-25 10:52:00,36424.67
2022-01-25 10:53:00,36429.94
2022-01-25 10:54:00,36423.68
2022-01-25 10:55:00,36432.57
2022-01-25 10:56:00,36448.68
2022-01-25 10:57:00,36451.53
2022-01-25 10:58:00,36447.08
2022-01-25 10:59:00,36463.99
2022-01-25 11:00:00,36446.34
2022-01-25 11:01:00,36457.59
2022-01-25 11:02:00,36496.76
2022-01-25 11:03:00,36525.85
2022-01-25 11:04:00,36560.01
2022-01-25 11:05:00,36537.63
2022-01-25 11:06:00,36554.88
2022-01-25 11:07:00,36548.05
2022-01-25 11:08:00,36571.18
2022-01-25 11:09:00,36595.01
2022-01-25 11:10:00,36567.15
2022-01-25 11:11:00,36577.04
2022-01-25 11:12:00,36578.78
2022-01-25 11:13:00,36564.85
2022-01-25 11:14:00,36581.03
2022-01-25 11:15:00,36575.6
2022-01-25 11:16:00,36533.48
2022-01-25 11:17:00,36534.84
2022-01-25 11:18:00,36491.57
2022-01-25 11:19:00,36453.54
2022-01-25 11:20:00,36417.85
2022-01-25 11:21:00,36432.86
2022-01-25 11:22:00,36415.96
2022-01-25 11:23:00,36383.82
2022-01-25 11:24:00,36315.41
2022-01-25 11:25:00,36287.55
2022-01-25 11:26:00,36327.89
2022-01-25 11:27:00,36268.54
2022-01-25 11:28:00,36284.81
2022-01-25 11:29:00,36302.64
2022-01-25 11:30:00,36328.67
2022-01-25 11:31:00,36288.07
2022-01-25 11:32:00,36308.01
2022-01-25 11:33:00,36319.54
2022-01-25 11:34:00,36335.35
2022-01-25 11:35:00,36333.71
2022-01-25 11:36:00,36388.85
2022-01-25 11:37:00,36406.65
2022-01-25 11:38:00,36384.63
2022-01-25 11:39:00,36357.35
2022-01-25 11:40:00,36346.37
2022-01-25 11:41:00,36312.49
2022-01-25 11:42:00,36332.87
2022-01-25 11:43:00,36330.88
2022-01-25 11:44:00,36366.0
2022-01-25 11:45:00,36359.49
2022-01-25 11:46:00,36401.75
2022-01-25 11:47:00,36418.16
2022-01-25 11:48:00,36442.36
2022-01-25 11:49:00,36469.99
2022-01-25 11:50:00,36431.38
2022-01-25 11:51:00,36454.46
2022-01-25 11:52:00,36422.19
2022-01-25 11:53:00,36416.52
2022-01-25 11:54:00,36385.71
2022-01-25 11:55:00,36341.46
2022-01-25 11:56:00,36412.58
2022-01-25 11:57:00,36496.85
2022-01-25 11:58:00,36480.84
2022-01-25 11:59:00,36438.69
2022-01-25 12:00:00,36479.3
2022-01-25 12:01:00,36433.38
2022-01-25 12:02:00,36415.98
2022-01-25 12:03:00,36411.69
2022-01-25 12:04:00,36388.8
2022-01-25 12:05:00,36352.56
2022-01-25 12:06:00,36325.43
2022-01-25 12:07:00,36321.63
2022-01-25 12:08:00,36321.63
2022-01-25 12:09:00,36312.17
2022-01-25 12:10:00,36321.82
2022-01-25 12:11:00,36287.88
2022-01-25 12:12:00,36325.52
2022-01-25 12:13:00,36315.22
2022-01-25 12:14:00,36330.82
2022-01-25 12:15:00,36285.0
2022-01-25 12:16:00,36270.81
2022-01-25 12:17:00,36323.7
2022-01-25 12:18:00,36351.34
2022-01-25 12:19:00,36388.52
2022-01-25 12:20:00,36415.02
2022-01-25 12:21:00,36467.93
2022-01-25 12:22:00,36440.82
2022-01-25 12:23:00,36430.42
2022-01-25 12:24:00,36405.86
2022-01-25 12:25:00,36419.54
2022-01-25 12:26:00,36449.76
2022-01-25 12:27:00,36474.1
2022-01-25 12:28:00,36488.01
2022-01-25 12:29:00,36477.12
2022-01-25 12:30:00,36505.17
2022-01-25 12:31:00,36504.67
2022-01-25 12:32:00,36513.28
2022-01-25 12:33:00,36469.02
2022-01-25 12:34:00,36496.88
2022-01-25 12:35:00,36516.87
2022-01-25 12:36:00,36546.59
2022-01-25 12:37:00,36532.89
2022-01-25 12:38:00,36526.35
2022-01-25 12:39:00,36629.88
2022-01-25 12:40:00,36754.84
2022-01-25 12:41:00,36712.22
2022-01-25 12:42:00,36695.47
2022-01-25 12:43:00,36659.84
2022-01-25 12:44:00,36680.66
2022-01-25 12:45:00,36651.59
2022-01-25 12:46:00,36621.14
2022-01-25 12:47:00,36632.32
2022-01-25 12:48:00,36638.04
2022-01-25 12:49:00,36629.13
2022-01-25 12:50:00,36629.99
2022-01-25 12:51:00,36577.62
2022-01-25 12:52:00,36545.76
2022-01-25 12:53:00,36558.04
2022-01-25 12:54:00,36557.36
2022-01-25 12:55:00,36567.49
2022-01-25 12:56:00,36573.21
2022-01-25 12:57:00,36561.17
2022-01-25 12:58:00,36559.7
2022-01-25 12:59:00,36557.93
2022-01-25 13:00:00,36571.41
2022-01-25 13:01:00,36554.11
2022-01-25 13:02:00,36596.63
2022-01-25 13:03:00,36571.84
2022-01-25 13:04:00,36537.45
2022-01-25 13:05:00,36536.2
2022-01-25 13:06:00,36499.57
2022-01-25 13:07:00,36456.64
2022-01-25 13:08:00,36433.2
2022-01-25 13:09:00,36379.18
2022-01-25 13:10:00,36379.64
2022-01-25 13:11:00,36384.07
2022-01-25 13:12:00,36420.85
2022-01-25 13:13:00,36429.22
2022-01-25 13:14:00,36449.28
2022-01-25 13:15:00,36426.26
2022-01-25 13:16:00,36425.59
2022-01-25 13:17:00,36511.02
2022-01-25 13:18:00,36475.47
2022-01-25 13:19:00,36553.34
2022-01-25 13:20:00,36546.04
2022-01-25 13:21:00,36471.03
2022-01-25 13:22:00,36440.65
2022-01-25 13:23:00,36472.63
2022-01-25 13:24:00,36488.13
2022-01-25 13:25:00,36407.92
2022-01-25 13:26:00,36403.63
2022-01-25 13:27:00,36347.14
2022-01-25 13:28:00,36326.39
2022-01-25 13:29:00,36336.8
2022-01-25 13:30:00,36355.67
2022-01-25 13:31:00,36361.55
2022-01-25 13:32:00,36371.89
2022-01-25 13:33:00,36374.97
2022-01-25 13:34:00,36405.67
2022-01-25 13:35:00,36413.13
2022-01-25 13:36:00,36429.26
2022-01-25 13:37:00,36427.04
2022-01-25 13:38:00,36419.08
2022-01-25 13:39:00,36444.47
2022-01-25 13:40:00,36401.61
2022-01-25 13:41:00,36405.27
2022-01-25 13:42:00,36419.97
2022-01-25 13:43:00,36427.66
2022-01-25 13:44:00,36447.54
2022-01-25 13:45:00,36443.4
2022-01-25 13:46:00,36466.92
2022-01-25 13:47:00,36444.74
2022-01-25 13:48:00,36458.34
2022-01-25 13:49:00,36461.03
2022-01-25 13:50:00,36451.48
2022-01-25 13:51:00,36459.94
2022-01-25 13:52:00,36429.89
2022-01-25 13:53:00,36391.85
2022-01-25 13:54:00,36392.42
2022-01-25 13:55:00,36417.24
2022-01-25 13:56:00,36458.14
2022-01-25 13:57:00,36484.49
2022-01-25 13:58:00,36548.44
2022-01-25 13:59:00,36538.05
2022-01-25 14:00:00,36470.29
2022-01-25 14:01:00,36433.85
2022-01-25 14:02:00,36440.73
2022-01-25 14:03:00,36481.66
2022-01-25 14:04:00,36523.95
2022-01-25 14:05:00,36574.39
2022-01-25 14:06:00,36558.95
2022-01-25 14:07:00,36605.35
2022-01-25 14:08:00,36574.15
2022-01-25 14:09:00,36623.67
2022-01-25 14:10:00,36590.18
2022-01-25 14:11:00,36567.68
2022-01-25 14:12:00,36638.79
2022-01-25 14:13:00,36611.12
2022-01-25 14:14:00,36655.96
2022-01-25 14:15:00,36661.79
2022-01-25 14:16:00,36728.33
2022-01-25 14:17:00,36753.38
2022-01-25 14:18:00,36707.57
2022-01-25 14:19:00,36728.62
2022-01-25 14:20:00,36754.07
2022-01-25 14:21:00,36805.4
2022-01-25 14:22:00,36845.67
2022-01-25 14:23:00,36831.41
2022-01-25 14:24:00,36831.83
2022-01-25 14:25:00,36782.52
2022-01-25 14:26:00,36737.44
2022-01-25 14:27:00,36690.07
2022-01-25 14:28:00,36635.04
2022-01-25 14:29:00,36639.51
2022-01-25 14:30:00,36633.82
2022-01-25 14:31:00,36655.05
2022-01-25 14:32:00,36504.23
2022-01-25 14:33:00,36642.92
2022-01-25 14:34:00,36654.61
2022-01-25 14:35:00,36710.25
2022-01-25 14:36:00,36967.99
2022-01-25 14:37:00,37048.59
2022-01-25 14:38:00,37042.56
2022-01-25 14:39:00,36988.79
2022-01-25 14:40:00,36944.3
2022-01-25 14:41:00,36866.79
2022-01-25 14:42:00,36847.12
2022-01-25 14:43:00,36864.34
2022-01-25 14:44:00,36819.64
2022-01-25 14:45:00,36744.47
2022-01-25 14:46:00,36672.59
2022-01-25 14:47:00,36649.38
2022-01-25 14:48:00,36652.31
2022-01-25 14:49:00,36550.1
2022-01-25 14:50:00,36564.32
2022-01-25 14:51:00,36521.04
2022-01-25 14:52:00,36451.41
2022-01-25 14:53:00,36396.19
2022-01-25 14:54:00,36385.06
2022-01-25 14:55:00,36435.0
2022-01-25 14:56:00,36434.33
2022-01-25 14:57:00,36433.24
2022-01-25 14:58:00,36334.9
2022-01-25 14:59:00,36303.07
2022-01-25 15:00:00,36371.65
2022-01-25 15:01:00,36160.31
2022-01-25 15:02:00,36053.5
2022-01-25 15:03:00,36088.02
2022-01-25 15:04:00,36158.89
2022-01-25 15:05:00,36174.44
2022-01-25 15:06:00,36120.2
2022-01-25 15:07:00,36155.1
2022-01-25 15:08:00,36192.3
2022-01-25 15:09:00,36256.93
2022-01-25 15:10:00,36265.21
2022-01-25 15:11:00,36236.22
2022-01-25 15:12:00,36238.61
2022-01-25 15:13:00,36316.0
2022-01-25 15:14:00,36446.77
2022-01-25 15:15:00,36386.18
2022-01-25 15:16:00,36475.84
2022-01-25 15:17:00,36472.39
2022-01-25 15:18:00,36501.84
2022-01-25 15:19:00,36475.74
2022-01-25 15:20:00,36339.24
2022-01-25 15:21:00,36371.03
2022-01-25 15:22:00,36370.09
2022-01-25 15:23:00,36427.56
2022-01-25 15:24:00,36394.18
2022-01-25 15:25:00,36413.46
2022-01-25 15:26:00,36537.3
2022-01-25 15:27:00,36550.06
2022-01-25 15:28:00,36611.4
2022-01-25 15:29:00,36671.53
2022-01-25 15:30:00,36639.18
2022-01-25 15:31:00,36590.64
2022-01-25 15:32:00,36568.95
2022-01-25 15:33:00,36581.15
2022-01-25 15:34:00,36584.5
2022-01-25 15:35:00,36647.29
2022-01-25 15:36:00,36528.76
2022-01-25 15:37:00,36383.02
2022-01-25 15:38:00,36438.41
2022-01-25 15:39:00,36495.99
2022-01-25 15:40:00,36523.91
2022-01-25 15:41:00,36505.25
2022-01-25 15:42:00,36535.66
2022-01-25 15:43:00,36573.85
2022-01-25 15:44:00,36698.03
2022-01-25 15:45:00,36699.25
2022-01-25 15:46:00,36683.37
2022-01-25 15:47:00,36692.86
2022-01-25 15:48:00,36776.48
2022-01-25 15:49:00,36758.06
2022-01-25 15:50:00,36725.28
2022-01-25 15:51:00,36734.48
2022-01-25 15:52:00,36703.49
2022-01-25 15:53:00,36681.84
2022-01-25 15:54:00,36661.89
2022-01-25 15:55:00,36630.05
2022-01-25 15:56:00,36666.42
2022-01-25 15:57:00,36637.56
2022-01-25 15:58:00,36574.1
2022-01-25 15:59:00,36569.62
2022-01-25 16:00:00,36588.23
2022-01-25 16:01:00,36561.53
2022-01-25 16:02:00,36590.45
2022-01-25 16:03:00,36638.38
2022-01-25 16:04:00,36685.21
2022-01-25 16:05:00,36724.75
2022-01-25 16:06:00,36652.52
2022-01-25 16:07:00,36587.53
2022-01-25 16:08:00,36594.8
2022-01-25 16:09:00,36647.62
2022-01-25 16:10:00,36715.32
2022-01-25 16:11:00,36681.04
2022-01-25 16:12:00,36630.51
2022-01-25 16:13:00,36609.83
2022-01-25 16:14:00,36625.65
2022-01-25 16:15:00,36652.84
2022-01-25 16:16:00,36734.16
2022-01-25 16:17:00,36790.32
2022-01-25 16:18:00,36805.88
2022-01-25 16:19:00,36864.92
2022-01-25 16:20:00,36883.74
2022-01-25 16:21:00,36901.84
2022-01-25 16:22:00,36856.33
2022-01-25 16:23:00,36889.86
2022-01-25 16:24:00,36856.79
2022-01-25 16:25:00,36817.12
2022-01-25 16:26:00,36883.24
2022-01-25 16:27:00,36773.94
2022-01-25 16:28:00,36805.02
2022-01-25 16:29:00,36826.92
2022-01-25 16:30:00,36812.3
2022-01-25 16:31:00,36783.87
2022-01-25 16:32:00,36806.96
2022-01-25 16:33:00,36838.39
2022-01-25 16:34:00,36801.1
2022-01-25 16:35:00,36797.12
2022-01-25 16:36:00,36768.57
2022-01-25 16:37:00,36743.94
2022-01-25 16:38:00,36727.61
2022-01-25 16:39:00,36715.8
2022-01-25 16:40:00,36727.62
2022-01-25 16:41:00,36787.98
2022-01-25 16:42:00,36804.9
2022-01-25 16:43:00,36859.02
2022-01-25 16:44:00,36895.24
2022-01-25 16:45:00,36962.9
2022-01-25 16:46:00,36995.82
2022-01-25 16:47:00,36963.22
2022-01-25 16:48:00,36981.02
2022-01-25 16:49:00,36970.82
2022-01-25 16:50:00,37005.95
2022-01-25 16:51:00,37019.81
2022-01-25 16:52:00,37045.16
2022-01-25 16:53:00,37019.36
2022-01-25 16:54:00,37059.41
2022-01-25 16:55:00,37054.53
2022-01-25 16:56:00,36988.12
2022-01-25 16:57:00,36889.26
2022-01-25 16:58:00,36897.76
2022-01-25 16:59:00,36866.58
2022-01-25 17:00:00,36889.61
2022-01-25 17:01:00,36930.09
2022-01-25 17:02:00,36894.0
2022-01-25 17:03:00,36943.45
2022-01-25 17:04:00,37017.38
2022-01-25 17:05:00,37128.68
2022-01-25 17:06:00,37141.21
2022-01-25 17:07:00,37148.48
2022-01-25 17:08:00,37150.6
2022-01-25 17:09:00,37106.81
2022-01-25 17:10:00,37093.02
2022-01-25 17:11:00,37057.53
2022-01-25 17:12:00,37068.76
2022-01-25 17:13:00,37160.27
2022-01-25 17:14:00,37239.67
2022-01-25 17:15:00,37259.65
2022-01-25 17:16:00,37149.74
2022-01-25 17:17:00,37228.73
2022-01-25 17:18:00,37213.76
2022-01-25 17:19:00,37273.38
2022-01-25 17:20:00,37389.56
2022-01-25 17:21:00,37441.09
2022-01-25 17:22:00,37464.01
2022-01-25 17:23:00,37443.29
2022-01-25 17:24:00,37406.9
2022-01-25 17:25:00,37410.38
2022-01-25 17:26:00,37354.4
2022-01-25 17:27:00,37321.3
2022-01-25 17:28:00,37318.69
2022-01-25 17:29:00,37369.25
2022-01-25 17:30:00,37290.83
2022-01-25 17:31:00,37239.61
2022-01-25 17:32:00,37186.0
2022-01-25 17:33:00,37211.14
2022-01-25 17:34:00,37225.3
2022-01-25 17:35:00,37251.57
2022-01-25 17:36:00,37271.79
2022-01-25 17:37:00,37246.53
2022-01-25 17:38:00,37240.43
2022-01-25 17:39:00,37214.97
2022-01-25 17:40:00,37278.79
2022-01-25 17:41:00,37265.99
2022-01-25 17:42:00,37225.24
2022-01-25 17:43:00,37257.89
2022-01-25 17:44:00,37434.79
2022-01-25 17:45:00,37455.91
2022-01-25 17:46:00,37405.73
2022-01-25 17:47:00,37293.97
2022-01-25 17:48:00,37195.88
2022-01-25 17:49:00,37225.33
2022-01-25 17:50:00,37256.56
2022-01-25 17:51:00,37184.44
2022-01-25 17:52:00,37257.64
2022-01-25 17:53:00,37249.05
2022-01-25 17:54:00,37228.91
2022-01-25 17:55:00,37149.62
2022-01-25 17:56:00,37124.72
2022-01-25 17:57:00,37159.95
2022-01-25 17:58:00,37183.39
2022-01-25 17:59:00,37285.07
2022-01-25 18:00:00,37230.55
2022-01-25 18:01:00,37230.12
